<?xml version="1.0" encoding="UTF-8"?>
<httpServices>
    <!-- 注意：timeout以秒为单位 -->
    <!-- 系统登录 http://#poswebDomain#/loginServlet-->
    <httpService id="loginHttp" method="post" postParametersClass="HttpServiceParameters" timeout="20" >
	     <![CDATA[ 
		   http://#poswebDomain#/loginServlet
		]]>
	</httpService>
	<!-- 在线查小票  -->
	<httpService id="onlineTickInfoHttp" method="post" postParametersClass="HttpServiceParameters" timeout="20" >
	     <![CDATA[ 
		   http://#poswebDomain#/ReturnSmTicInfo
		]]>
	</httpService>
	<!-- 在线查会员 -->
	<httpService id="onlineVipInfoHttp" method="post" postParametersClass="HttpServiceParameters" timeout="20" >
	     <![CDATA[ 
		   http://#poswebDomain#/ReturnVipInfo
		]]>
	</httpService>
	<!-- 在线校验收银机 -->
	<httpService id="onlinePosCheckHttp" method="post" postParametersClass="HttpServiceParameters" timeout="20" >
	     <![CDATA[ 
		   http://#poswebDomain#/ReturnVipInfo
		]]>
	</httpService>
	<!-- 在线校验收银机号 -->
	<httpService id="checkCashRegisterNo" method="post" postParametersClass="HttpServiceParameters" timeout="20" >
	     <![CDATA[ 
		   http://#poswebDomain#/checkCashRegisterNoServlet
		]]>
	</httpService>
	<!-- 在线查换购商品  -->
	<httpService id="onlineSwapGoodsHttp" method="post" postParametersClass="HttpServiceParameters" timeout="20" >
	     <![CDATA[ 
		   http://#poswebDomain#/SwapServlet
		]]>
	</httpService>
	<!-- 时间同步 -->
	<httpService id="dateTimeAsync" method="get"  timeout="20" >
	    <![CDATA[ 
		   http://#poswebDomain#/ReturnTime
		]]>
	</httpService>
	<!-- 网络探针 -->
	<httpService id="netMonitor" method="get"  timeout="20" >
	    <![CDATA[ 
		  http://#poswebDomain#/
		]]>
	</httpService>
	<!-- 在线查商品及算费 -->
	<httpService id="RemotePromotionPrice" method="post" postParametersClass="HttpServiceParameters" timeout="20" >
	    <![CDATA[ 
		  http://#poswebDomain#/ProcalculateServlet
		]]>
	</httpService>
	<!-- 分店领款及营业外收入-->
	<httpService id="testHttp3" method="post" postParametersClass="HttpServiceParameters" timeout="20" >
	     <![CDATA[ 
		   http://#poswebDomain#/DoSaveFeeOrIncome
		]]>
	</httpService>
	<!-- 断点续传下载安装包-->
	<httpService id="downLoadUpdateFileSize" method="post" postParametersClass="HttpServiceParameters" timeout="20" >
    	<![CDATA[ 
		   http://#poswebDomain#/downLoadUpdateFileSize
		]]>
	</httpService>
	
	<httpService id="testHttp4" method="post" postParametersClass="HttpServiceParameters" timeout="60" >
	     <![CDATA[ 
		   http://#poswebDomain#/ticOnlineAction.do?method=deductInventory
		]]>
	</httpService>
	<!-- 获取盘点计划-->
	<httpService id="getStockPlan" method="get" getParametersClass="HttpServiceParameters" timeout="20" >
	    <![CDATA[ 
		   http://#comsDomain#/stockTransferAction.do?method=doTransfer
		]]>
	</httpService>
	<!-- 获取盘点机号-->
	<httpService id="getPdaCode" method="get" getParametersClass="HttpServiceParameters" timeout="20" >
	    <![CDATA[ 
		   http://#comsDomain#/stoServiceAction.do?method=doTransfer
		]]>
	</httpService>
	<!-- 获取库存分区-->
	<httpService id="getLocation" method="get" getParametersClass="HttpServiceParameters" timeout="20" >
	    <![CDATA[ 
		   http://#comsDomain#/zoneServiceAction.do?method=doTransfer
		]]>
	</httpService>
	<!-- 上传按条码汇总的盘点数据-->
	<httpService id="sendSummerizedData" method="post" postParametersClass="HttpServiceParameters" timeout="600" >
    	<![CDATA[ 
		   http://#comsDomain#/SendSummrizedData
		]]>
	</httpService>
	<!-- 检查该盘点计划下该门店的数据是否已经上传-->
	<httpService id="checkIfExist" method="get" getParametersClass="HttpServiceParameters" timeout="20" >
   		<![CDATA[ 
		   http://#comsDomain#/CheckIfExist
		]]>
	</httpService>
	<!-- 上传未上传的数据（小票，分店领款，营业外收入）-->
	<httpService id="doReceiveUnuploadedInfo" method="post" getParametersClass="HttpServiceParameters" timeout="600" >
   		<![CDATA[ 
		   http://#poswebDomain#/doReceiveUnuploadedInfo
		]]>
	</httpService>
	
	<httpService id="onlineGiftGoodsHttp" method="get" getParametersClass="HttpServiceParameters" timeout="600" >
   		<![CDATA[ 
		   http://#poswebDomain#/GiftServlet
		]]>
	</httpService>
		<httpService id="PosDBError" method="get" getParametersClass="HttpServiceParameters" timeout="30" >
	    <![CDATA[ 
		  http://#poswebDomain#/PosDBError
		]]>
	</httpService>
	<httpService id="facetofacePay" method="get" getParametersClass="HttpServiceParameters" timeout="30" >
	    <![CDATA[ 
		  http://#poswebDomain#/PayServlet
		]]>
	</httpService>
	<httpService id="cashRollServlet" method="get" getParametersClass="HttpServiceParameters" timeout="30" >
	    <![CDATA[ 
		  http://#poswebDomain#/CashRollServlet
		]]>
	</httpService>
	<httpService id="doUpdateCashServlet" method="get" getParametersClass="HttpServiceParameters" timeout="30" >
	    <![CDATA[ 
		  http://#poswebDomain#/DoUpdateCashServlet
		]]>
	</httpService>
	<httpService id="doCancelCashServlet" method="get" getParametersClass="HttpServiceParameters" timeout="30" >
	    <![CDATA[ 
		  http://#poswebDomain#/DoCancelCashServlet
		]]>
	</httpService>
	 <httpService id="doSaveDataLog" method="get" getParametersClass="HttpServiceParameters" timeout="20" >
	     <![CDATA[ 
	     http://#poswebDomain#/DoSaveDataLog
		]]>
	</httpService>
	<httpService id="getLatestVersion" method="get" getParametersClass="HttpServiceParameters" timeout="20" >
	     <![CDATA[ 
		   http://#poswebDomain#/ResultDataVersion
		]]>
	</httpService>
	<!-- 这个使用第一个服务器，不做替换 -->
    <httpService id="doInitialization" method="get" getParametersClass="HttpServiceParameters" timeout="20" >
	     <![CDATA[ 
		   http://xcapi.yatang.cn/posweb/NewDoInitialization
		]]>
	</httpService>
	<httpService id="doInitializationFromComs" method="get" getParametersClass="HttpServiceParameters" timeout="20" >
	     <![CDATA[ 
		   http://#poswebDomain#/DoInitializationFromComs
		]]>
	</httpService>
	<!-- 这个使用第一个服务器，不做替换 -->
	<httpService id="doInitializationFromDsp" method="get" getParametersClass="HttpServiceParameters" timeout="20" >
	     <![CDATA[ 
		   http://xcapi.yatang.cn/posweb/DoInitializationFromDsp
		]]>
	</httpService>
	
	<!--  批量请求界面中选择的不同类型数据的最新版本 -->
	<httpService id="resultDataVersionList" method="get" getParametersClass="HttpServiceParameters" timeout="20" >
	     <![CDATA[ 
		   http://#poswebDomain#/ResultDataVersionList
		]]>
	</httpService>
	<!-- 发送程序版本 -->
	<httpService id="sendVersion" method="get" getParametersClass="HttpServiceParameters" timeout="20" >
	     <![CDATA[ 
		   http://#poswebDomain#/backgroupVersionServlet
		]]>
	</httpService>
	<!--  获取pda新版本的程序安装包信息 -->
	<httpService id="GetPDAInfo" method="get"  timeout="20" >
    	<![CDATA[ 
		   http://#poswebDomain#/GetPDAInfo
		]]>
	</httpService>
	<!-- 门店下载pda程序完成信息回写 -->
	<httpService id="RecordShopPDAInfo" method="get"   getParametersClass="HttpServiceParameters" timeout="20">
    	<![CDATA[ 
		   http://#poswebDomain#/RecordShopPDAInfo
		]]>
	</httpService>
	<httpService id="ReturnFullDataInfo" method="get"  timeout="20" >
	    <![CDATA[ 
		  http://#poswebDomain#/ReturnFullDataInfo
		]]>
	</httpService>
	
	<!-- 发送会员手机校验码 -->
	<httpService id="sendVipValidCode" method="get"  timeout="20"  getParametersClass="HttpServiceParameters">
	    <![CDATA[ 
		  http://#poswebDomain#/SendVipValidCodeServlet
		]]>
	</httpService>
	
	<!-- 计算积分 -->
	<httpService id="ReckonVipPoints" method="post" timeout="20" postParametersClass="HttpServiceParameters">
	    <![CDATA[ 
		  http://#poswebDomain#/ReckonVipPointsServlet
		]]>
	</httpService>
	
</httpServices>